{"task1": {"||x||": 0.5777836972728934, "||x^2||": 0.4477731953807289, "<x, x^2>": 0.2505007510012515, "cos": 0.9682458769358576}, "task2": {"||sin x||": 0.5225228323436063, "||cos x||": 0.8532121018132693, "<sin x, cos x>": 0.35426414279677737, "cos": 0.7946299282920621}, "task3": {"||exp x||": 1.788498768022238, "||sin x||": 0.5225228323436063, "<exp x, sin x>": 0.9104757262283395, "cos": 0.9742590622392279}}